Name,Phone Number
Samuel,+13109993656 
Victoria,+13104777686
Daniel,+13239929777
Madison,+18776620116
David,+15622484556
Lily,+13235363241
Andrew,+12136051234
Natalie,+18558088887
Joseph,+13107434552
Chloe,+12135008000
Gabriel,+18779031012
Aria,+18007847612
Joshua,+13234881452
Samantha,+18669398222
Christopher,+15629230110
Zoey,+18187264751
Ryan,+18669909052
Ella,+13104901825
Leah,+13232211260
Logan,+18006986627
Maya,+16262145477
Aaron,+13109195903
Zoe,+19072051031
Adam,+18553453337
Hazel,+18007018073
Hunter,+17072917117
Mila,+18339374777
Lucas,+13232062301
Willow,+18188338383
Jack,+18772684395
Aubrey,+18184843264
Julian,+13234573252
Penelope,+13238538262
Owen,+18187439454
Nora,+12135563159
Isaac,+13109845333
Savannah,+17475005050
Connor,+18883493490
Eleanor,+18449943396
Luke,+18186503500
Stella,+18188730152
Caleb,+16268208284
Ellie,+13234433950
Wyatt,+14807441803
Violet,+13108010956
Jaxon,+16267936025
Aurora,+18883294277
Dylan,+12133205889
Lucy,+18187438993
Lincoln,+17473056895
Paisley,+13236474532
Hudson,+18188431633
Piper,+18008615088
Nathan,+18884651785
Luna,+18334011505
Leo,+18668901240
Ruby,+13236856386
Asher,+18187994234
Sadie,+18188089577
Carter,+14249999739
Lydia,+14242066999
Grayson,+18186707769
Clara,+18184393696
Isaiah,+13239685830
Aurora,+12139158007
Emily,+12139844554
Jayden,+18182529796
Alice,+18552147657
Sophie,+13233930375
Jameson,+18333245886
Skylar,+12136028578
